{
  "inputs": [
    {
      "type": "ETW",
      "providers": [
        {
          "providerName": "Microsoft-ServiceFabric",
          "providerGuid": "cbd93bc2-71e5-4566-b3a7-595d8eeca6e8",
          "level": "Informational",
          "keywords": "4611686018427387912"
        }
      ]
    }
  ],
  "outputs": [
    {
      "type": "ElasticSearch",
      "indexNamePrefix": "NEST",
      "serviceUri": "https://cloud.humio.com/api/v1/dataspaces/ServiceFabricDemo/ingest/elasticsearch",
      "basicAuthenticationUserName": "Zklb8BYv5PihLm74BoZHz0XyxFvXA6H49lrfsQxJjb3i",
      "basicAuthenticationUserPassword": "Blah"
    }
  ],
  "schemaVersion": "2016-08-11",
  "extensions": []
}